{
  "POST Reserve" : {
    "transaction" : "POST Reserve",
    "sampleCount" : 21,
    "errorCount" : 0,
    "errorPct" : 0.0,
    "meanResTime" : 356.4285714285714,
    "medianResTime" : 329.0,
    "minResTime" : 268.0,
    "maxResTime" : 784.0,
    "pct1ResTime" : 427.0,
    "pct2ResTime" : 748.6999999999995,
    "pct3ResTime" : 784.0,
    "throughput" : 0.7517720340803322,
    "receivedKBytesPerSec" : 5.402557423301353,
    "sentKBytesPerSec" : 0.1814055564008019
  },
  "GET Home" : {
    "transaction" : "GET Home",
    "sampleCount" : 24,
    "errorCount" : 0,
    "errorPct" : 0.0,
    "meanResTime" : 583.6249999999999,
    "medianResTime" : 591.5,
    "minResTime" : 264.0,
    "maxResTime" : 774.0,
    "pct1ResTime" : 763.0,
    "pct2ResTime" : 773.75,
    "pct3ResTime" : 774.0,
    "throughput" : 0.8662383599220386,
    "receivedKBytesPerSec" : 4.025667950985346,
    "sentKBytesPerSec" : 0.1015123078033639
  },
  "POST Purchase" : {
    "transaction" : "POST Purchase",
    "sampleCount" : 20,
    "errorCount" : 0,
    "errorPct" : 0.0,
    "meanResTime" : 358.8,
    "medianResTime" : 331.0,
    "minResTime" : 274.0,
    "maxResTime" : 618.0,
    "pct1ResTime" : 474.1000000000001,
    "pct2ResTime" : 610.9499999999999,
    "pct3ResTime" : 618.0,
    "throughput" : 0.7913270554720265,
    "receivedKBytesPerSec" : 5.193702025797262,
    "sentKBytesPerSec" : 0.2272746943499248
  },
  "Total" : {
    "transaction" : "Total",
    "sampleCount" : 95,
    "errorCount" : 0,
    "errorPct" : 0.0,
    "meanResTime" : 3079.8526315789472,
    "medianResTime" : 408.0,
    "minResTime" : 0.0,
    "maxResTime" : 25349.0,
    "pct1ResTime" : 17316.200000000004,
    "pct2ResTime" : 19885.6,
    "pct3ResTime" : 25349.0,
    "throughput" : 3.139561783271093,
    "receivedKBytesPerSec" : 22.603586174774446,
    "sentKBytesPerSec" : 0.8654127181169239
  },
  "POST Confirmation" : {
    "transaction" : "POST Confirmation",
    "sampleCount" : 10,
    "errorCount" : 0,
    "errorPct" : 0.0,
    "meanResTime" : 432.7,
    "medianResTime" : 364.0,
    "minResTime" : 318.0,
    "maxResTime" : 836.0,
    "pct1ResTime" : 802.6000000000001,
    "pct2ResTime" : 836.0,
    "pct3ResTime" : 836.0,
    "throughput" : 0.48039969254419673,
    "receivedKBytesPerSec" : 2.712381701575711,
    "sentKBytesPerSec" : 0.20754767966948504
  },
  "Compra de passagem - sucesso" : {
    "transaction" : "Compra de passagem - sucesso",
    "sampleCount" : 29,
    "errorCount" : 0,
    "errorPct" : 0.0,
    "meanResTime" : 9488.965517241379,
    "medianResTime" : 9451.0,
    "minResTime" : 0.0,
    "maxResTime" : 25349.0,
    "pct1ResTime" : 20316.0,
    "pct2ResTime" : 22841.5,
    "pct3ResTime" : 25349.0,
    "throughput" : 0.956401292790713,
    "receivedKBytesPerSec" : 14.846539074351956,
    "sentKBytesPerSec" : 0.5917926237550294
  }
}