{
  "POST Reserve" : {
    "transaction" : "POST Reserve",
    "sampleCount" : 5563,
    "errorCount" : 0,
    "errorPct" : 0.0,
    "meanResTime" : 320.36616933309296,
    "medianResTime" : 291.0,
    "minResTime" : 248.0,
    "maxResTime" : 2112.0,
    "pct1ResTime" : 434.0,
    "pct2ResTime" : 473.0,
    "pct3ResTime" : 592.3599999999997,
    "throughput" : 31.14241089172652,
    "receivedKBytesPerSec" : 223.76834853517866,
    "sentKBytesPerSec" : 7.514601722615335
  },
  "GET Home" : {
    "transaction" : "GET Home",
    "sampleCount" : 5736,
    "errorCount" : 0,
    "errorPct" : 0.0,
    "meanResTime" : 317.2623779637378,
    "medianResTime" : 281.0,
    "minResTime" : 239.0,
    "maxResTime" : 2242.0,
    "pct1ResTime" : 445.0,
    "pct2ResTime" : 493.0,
    "pct3ResTime" : 699.6300000000001,
    "throughput" : 31.828119277763598,
    "receivedKBytesPerSec" : 147.8597491995805,
    "sentKBytesPerSec" : 3.729857727862922
  },
  "POST Purchase" : {
    "transaction" : "POST Purchase",
    "sampleCount" : 5399,
    "errorCount" : 0,
    "errorPct" : 0.0,
    "meanResTime" : 310.80811261344746,
    "medianResTime" : 287.0,
    "minResTime" : 245.0,
    "maxResTime" : 2019.0,
    "pct1ResTime" : 390.0,
    "pct2ResTime" : 453.0,
    "pct3ResTime" : 571.0,
    "throughput" : 30.329756755238467,
    "receivedKBytesPerSec" : 199.01114337853213,
    "sentKBytesPerSec" : 8.71062370091568
  },
  "Total" : {
    "transaction" : "Total",
    "sampleCount" : 22524,
    "errorCount" : 0,
    "errorPct" : 0.0,
    "meanResTime" : 537.8437666489099,
    "medianResTime" : 285.0,
    "minResTime" : 0.0,
    "maxResTime" : 20079.0,
    "pct1ResTime" : 434.0,
    "pct2ResTime" : 503.0,
    "pct3ResTime" : 10041.990000000002,
    "throughput" : 124.83926750321466,
    "receivedKBytesPerSec" : 763.1230105456452,
    "sentKBytesPerSec" : 33.39375668564049
  },
  "POST Confirmation" : {
    "transaction" : "POST Confirmation",
    "sampleCount" : 5226,
    "errorCount" : 0,
    "errorPct" : 0.0,
    "meanResTime" : 307.4039418293147,
    "medianResTime" : 285.0,
    "minResTime" : 240.0,
    "maxResTime" : 1760.0,
    "pct1ResTime" : 378.0,
    "pct2ResTime" : 444.64999999999964,
    "pct3ResTime" : 558.1899999999987,
    "throughput" : 29.49026866278053,
    "receivedKBytesPerSec" : 166.4605505583739,
    "sentKBytesPerSec" : 12.75015531449797
  },
  "Compra de passagem - sucesso" : {
    "transaction" : "Compra de passagem - sucesso",
    "sampleCount" : 5817,
    "errorCount" : 0,
    "errorPct" : 0.0,
    "meanResTime" : 2030.3183771703602,
    "medianResTime" : 1243.0,
    "minResTime" : 0.0,
    "maxResTime" : 20079.0,
    "pct1ResTime" : 1922.999999999999,
    "pct2ResTime" : 9985.099999999999,
    "pct3ResTime" : 15018.82,
    "throughput" : 32.21875744266036,
    "receivedKBytesPerSec" : 728.5835068223233,
    "sentKBytesPerSec" : 32.260708949747155
  }
}