{
  "POST Reserve" : {
    "transaction" : "POST Reserve",
    "sampleCount" : 4772,
    "errorCount" : 0,
    "errorPct" : 0.0,
    "meanResTime" : 303.88788767812235,
    "medianResTime" : 284.0,
    "minResTime" : 246.0,
    "maxResTime" : 994.0,
    "pct1ResTime" : 366.6999999999998,
    "pct2ResTime" : 448.0,
    "pct3ResTime" : 537.2699999999995,
    "throughput" : 15.986171224891796,
    "receivedKBytesPerSec" : 114.86666081813553,
    "sentKBytesPerSec" : 3.857426455069881
  },
  "GET Home" : {
    "transaction" : "GET Home",
    "sampleCount" : 4850,
    "errorCount" : 0,
    "errorPct" : 0.0,
    "meanResTime" : 308.9585567010296,
    "medianResTime" : 278.0,
    "minResTime" : 239.0,
    "maxResTime" : 1103.0,
    "pct1ResTime" : 430.0,
    "pct2ResTime" : 467.0,
    "pct3ResTime" : 594.4499999999989,
    "throughput" : 16.145354798332864,
    "receivedKBytesPerSec" : 75.00527038683937,
    "sentKBytesPerSec" : 1.8920337654296329
  },
  "POST Purchase" : {
    "transaction" : "POST Purchase",
    "sampleCount" : 4692,
    "errorCount" : 0,
    "errorPct" : 0.0,
    "meanResTime" : 304.4603580562663,
    "medianResTime" : 284.0,
    "minResTime" : 242.0,
    "maxResTime" : 1171.0,
    "pct1ResTime" : 374.6999999999998,
    "pct2ResTime" : 447.0,
    "pct3ResTime" : 535.2099999999991,
    "throughput" : 15.733509491410617,
    "receivedKBytesPerSec" : 103.2375203081984,
    "sentKBytesPerSec" : 4.518633086393465
  },
  "Total" : {
    "transaction" : "Total",
    "sampleCount" : 19273,
    "errorCount" : 0,
    "errorPct" : 0.0,
    "meanResTime" : 452.050796450993,
    "medianResTime" : 282.0,
    "minResTime" : 0.0,
    "maxResTime" : 22564.0,
    "pct1ResTime" : 420.0,
    "pct2ResTime" : 468.0,
    "pct3ResTime" : 5689.079999999987,
    "throughput" : 64.1586439233545,
    "receivedKBytesPerSec" : 388.483598134837,
    "sentKBytesPerSec" : 17.18474452264677
  },
  "POST Confirmation" : {
    "transaction" : "POST Confirmation",
    "sampleCount" : 4609,
    "errorCount" : 0,
    "errorPct" : 0.0,
    "meanResTime" : 302.92601431980944,
    "medianResTime" : 281.0,
    "minResTime" : 242.0,
    "maxResTime" : 1395.0,
    "pct1ResTime" : 381.0,
    "pct2ResTime" : 446.0,
    "pct3ResTime" : 543.1999999999971,
    "throughput" : 15.466806267261312,
    "receivedKBytesPerSec" : 87.30448366236791,
    "sentKBytesPerSec" : 6.687077040190542
  },
  "Compra de passagem - sucesso" : {
    "transaction" : "Compra de passagem - sucesso",
    "sampleCount" : 4949,
    "errorCount" : 0,
    "errorPct" : 0.0,
    "meanResTime" : 1726.5892099413984,
    "medianResTime" : 1197.0,
    "minResTime" : 0.0,
    "maxResTime" : 22564.0,
    "pct1ResTime" : 1422.0,
    "pct2ResTime" : 5539.5,
    "pct3ResTime" : 16793.0,
    "throughput" : 16.469217970049918,
    "receivedKBytesPerSec" : 378.1138402142263,
    "sentKBytesPerSec" : 16.838826565099833
  }
}