{
  "POST Reserve" : {
    "transaction" : "POST Reserve",
    "sampleCount" : 5326,
    "errorCount" : 0,
    "errorPct" : 0.0,
    "meanResTime" : 305.9769057454002,
    "medianResTime" : 282.0,
    "minResTime" : 245.0,
    "maxResTime" : 1566.0,
    "pct1ResTime" : 408.3000000000002,
    "pct2ResTime" : 454.64999999999964,
    "pct3ResTime" : 541.0,
    "throughput" : 17.832629090689935,
    "receivedKBytesPerSec" : 128.13395518530734,
    "sentKBytesPerSec" : 4.3029979297526335
  },
  "GET Home" : {
    "transaction" : "GET Home",
    "sampleCount" : 5428,
    "errorCount" : 0,
    "errorPct" : 0.0,
    "meanResTime" : 301.2805821665444,
    "medianResTime" : 275.0,
    "minResTime" : 241.0,
    "maxResTime" : 1356.0,
    "pct1ResTime" : 421.0,
    "pct2ResTime" : 455.0,
    "pct3ResTime" : 549.0,
    "throughput" : 18.07893045207318,
    "receivedKBytesPerSec" : 83.98762111184757,
    "sentKBytesPerSec" : 2.118624662352326
  },
  "POST Purchase" : {
    "transaction" : "POST Purchase",
    "sampleCount" : 5237,
    "errorCount" : 0,
    "errorPct" : 0.0,
    "meanResTime" : 302.13710139392776,
    "medianResTime" : 282.0,
    "minResTime" : 241.0,
    "maxResTime" : 1859.0,
    "pct1ResTime" : 368.0,
    "pct2ResTime" : 442.09999999999945,
    "pct3ResTime" : 537.3399999999992,
    "throughput" : 17.54615204208128,
    "receivedKBytesPerSec" : 115.13121542261365,
    "sentKBytesPerSec" : 5.039218896580896
  },
  "Total" : {
    "transaction" : "Total",
    "sampleCount" : 21496,
    "errorCount" : 0,
    "errorPct" : 0.0,
    "meanResTime" : 428.30698734648377,
    "medianResTime" : 280.0,
    "minResTime" : 0.0,
    "maxResTime" : 20144.0,
    "pct1ResTime" : 417.0,
    "pct2ResTime" : 460.0,
    "pct3ResTime" : 5019.990000000002,
    "throughput" : 71.54553805599564,
    "receivedKBytesPerSec" : 433.5013046489123,
    "sentKBytesPerSec" : 19.180213140326906
  },
  "POST Confirmation" : {
    "transaction" : "POST Confirmation",
    "sampleCount" : 5155,
    "errorCount" : 0,
    "errorPct" : 0.0,
    "meanResTime" : 297.413385063046,
    "medianResTime" : 279.0,
    "minResTime" : 244.0,
    "maxResTime" : 1502.0,
    "pct1ResTime" : 350.0,
    "pct2ResTime" : 434.0,
    "pct3ResTime" : 510.3199999999988,
    "throughput" : 17.285200783282814,
    "receivedKBytesPerSec" : 97.5688337854422,
    "sentKBytesPerSec" : 7.473280816193433
  },
  "Compra de passagem - sucesso" : {
    "transaction" : "Compra de passagem - sucesso",
    "sampleCount" : 5494,
    "errorCount" : 0,
    "errorPct" : 0.0,
    "meanResTime" : 1644.8338187113231,
    "medianResTime" : 1179.0,
    "minResTime" : 0.0,
    "maxResTime" : 20144.0,
    "pct1ResTime" : 1405.0,
    "pct2ResTime" : 4826.0,
    "pct3ResTime" : 14990.0,
    "throughput" : 18.277448609230543,
    "receivedKBytesPerSec" : 422.3274222911101,
    "sentKBytesPerSec" : 18.81000328729594
  }
}